{
    "description": "Spring Boot Logs",
    "processors": [
        {
            "grok" : {
            	"field" : "message", 
            	"patterns": ["^%{TIMESTAMP_ISO8601:app_timestamp} +%{WORD:level}"]
            }
       },
       {     
       		"gsub": {
			    "field": "message",
			    "pattern": "[\t\r]",
			    "replacement": ""
			}
		},
		{	
			"gsub": {
			    "field": "message",
			    "pattern": "[\n]",
			    "replacement": "~SPLIT~"
			}
		},
        {
	        "date" : {
		        "field" : "app_timestamp",
		        "target_field" : "app_timestamp",
		        "formats" : ["yyyy-MM-dd HH:mm:ss.SSS"]
	    	}
        },
        {
		  "set": {
		    "field": "log",
		    "value": "{{message}}"
		  }
		},
        {
        	"split": {
			    "field": "log",
			    "separator": "~SPLIT~"
			}
        }
    ]
}